{"stats":{"minecraft:dropped":{"minecraft:moss_carpet":1,"minecraft:wheat":3},"minecraft:mined":{"minecraft:hay_block":22,"minecraft:coarse_dirt":23,"minecraft:mangrove_roots":5,"minecraft:mangrove_leaves":4,"minecraft:yellow_bed":2,"minecraft:crafting_table":3,"minecraft:short_grass":5,"minecraft:coal_ore":13,"minecraft:grass_block":7,"minecraft:oak_log":16,"minecraft:vine":1,"minecraft:dirt":15,"minecraft:bamboo":1,"minecraft:mangrove_log":11,"minecraft:tall_grass":1,"minecraft:stone":51,"minecraft:sugar_cane":5,"minecraft:oak_leaves":3},"minecraft:used":{"minecraft:mangrove_boat":2,"minecraft:oak_log":1,"minecraft:apple":1,"minecraft:bread":3,"minecraft:stone_pickaxe":18,"minecraft:wooden_pickaxe":46,"minecraft:stone_axe":20,"minecraft:crafting_table":3,"minecraft:oak_boat":4,"minecraft:yellow_bed":1,"minecraft:coarse_dirt":23},"minecraft:killed_by":{"minecraft:skeleton":1},"minecraft:custom":{"minecraft:time_since_rest":19811,"minecraft:sprint_one_cm":30578,"minecraft:damage_taken":419,"minecraft:walk_one_cm":78938,"minecraft:mob_kills":1,"minecraft:drop":2,"minecraft:damage_dealt":295,"minecraft:talked_to_villager":2,"minecraft:swim_one_cm":2021,"minecraft:interact_with_crafting_table":10,"minecraft:fly_one_cm":60245,"minecraft:open_chest":4,"minecraft:crouch_one_cm":1949,"minecraft:play_time":73714,"minecraft:deaths":1,"minecraft:sneak_time":591,"minecraft:walk_under_water_one_cm":4830,"minecraft:boat_one_cm":158553,"minecraft:jump":649,"minecraft:leave_game":5,"minecraft:walk_on_water_one_cm":9210,"minecraft:time_since_death":19735,"minecraft:sleep_in_bed":2,"minecraft:total_world_time":73714,"minecraft:climb_one_cm":1658,"minecraft:fall_one_cm":17033},"minecraft:crafted":{"minecraft:oak_boat":1,"minecraft:oak_planks":40,"minecraft:crafting_table":2,"minecraft:stick":16,"minecraft:wooden_pickaxe":2,"minecraft:stone_pickaxe":2,"minecraft:furnace":2,"minecraft:mangrove_boat":1,"minecraft:mangrove_planks":40,"minecraft:stone_axe":2,"minecraft:bread":39,"minecraft:wheat":117},"minecraft:picked_up":{"minecraft:crafting_table":3,"minecraft:stick":2,"minecraft:coarse_dirt":23,"minecraft:wheat":3,"minecraft:oak_log":16,"minecraft:lily_pad":3,"minecraft:yellow_bed":2,"minecraft:dirt":45,"minecraft:moss_carpet":1,"minecraft:mangrove_boat":1,"minecraft:apple":1,"minecraft:hay_block":22,"minecraft:granite":6,"minecraft:mangrove_roots":5,"minecraft:oak_boat":4,"minecraft:bamboo":8,"minecraft:oak_sapling":2,"minecraft:sugar_cane":7,"minecraft:coal":9,"minecraft:mangrove_log":10,"minecraft:cobblestone":53}},"DataVersion":3953}