{"stats":{"minecraft:dropped":{"minecraft:wheat":3},"minecraft:mined":{"minecraft:hay_block":22,"minecraft:coarse_dirt":23,"minecraft:mangrove_roots":3,"minecraft:mangrove_leaves":4,"minecraft:yellow_bed":2,"minecraft:crafting_table":2,"minecraft:short_grass":5,"minecraft:coal_ore":13,"minecraft:grass_block":4,"minecraft:oak_log":16,"minecraft:vine":1,"minecraft:dirt":5,"minecraft:mangrove_log":8,"minecraft:tall_grass":1,"minecraft:stone":29,"minecraft:sugar_cane":5,"minecraft:oak_leaves":3},"minecraft:used":{"minecraft:oak_log":1,"minecraft:apple":1,"minecraft:bread":3,"minecraft:stone_pickaxe":18,"minecraft:wooden_pickaxe":24,"minecraft:stone_axe":18,"minecraft:crafting_table":2,"minecraft:oak_boat":4,"minecraft:yellow_bed":1,"minecraft:coarse_dirt":23},"minecraft:killed_by":{"minecraft:skeleton":1},"minecraft:custom":{"minecraft:time_since_rest":7811,"minecraft:sprint_one_cm":28562,"minecraft:damage_taken":389,"minecraft:walk_one_cm":73131,"minecraft:mob_kills":1,"minecraft:drop":1,"minecraft:damage_dealt":295,"minecraft:talked_to_villager":2,"minecraft:swim_one_cm":2021,"minecraft:interact_with_crafting_table":7,"minecraft:fly_one_cm":54872,"minecraft:open_chest":3,"minecraft:crouch_one_cm":1949,"minecraft:play_time":61714,"minecraft:deaths":1,"minecraft:sneak_time":559,"minecraft:walk_under_water_one_cm":1936,"minecraft:boat_one_cm":31395,"minecraft:jump":602,"minecraft:leave_game":5,"minecraft:walk_on_water_one_cm":7386,"minecraft:time_since_death":7735,"minecraft:sleep_in_bed":2,"minecraft:total_world_time":61714,"minecraft:climb_one_cm":1658,"minecraft:fall_one_cm":15988},"minecraft:crafted":{"minecraft:oak_boat":1,"minecraft:oak_planks":40,"minecraft:crafting_table":1,"minecraft:stick":8,"minecraft:wooden_pickaxe":1,"minecraft:stone_pickaxe":1,"minecraft:furnace":1,"minecraft:stone_axe":1,"minecraft:bread":39,"minecraft:wheat":117},"minecraft:picked_up":{"minecraft:crafting_table":2,"minecraft:stick":2,"minecraft:coarse_dirt":23,"minecraft:wheat":3,"minecraft:oak_log":16,"minecraft:lily_pad":3,"minecraft:yellow_bed":2,"minecraft:dirt":32,"minecraft:apple":1,"minecraft:hay_block":22,"minecraft:granite":6,"minecraft:mangrove_roots":2,"minecraft:oak_boat":4,"minecraft:oak_sapling":2,"minecraft:sugar_cane":7,"minecraft:coal":9,"minecraft:mangrove_log":8,"minecraft:cobblestone":31}},"DataVersion":3953}